Pizza,Burger
Ocean,Sea
Guitar,Violin
Mountain,Hill
Robot,Android
Castle,Palace
Dragon,Dinosaur
Rainbow,Aurora
Wizard,Sorcerer
Pyramid,Temple
Ninja,Assassin
Volcano,Earthquake
Unicorn,Pegasus
Lighthouse,Beacon
Spaceship,Shuttle
Treasure,Gold
Jungle,Rainforest
Penguin,Seal
Thunder,Lightning
Butterfly,Moth
Dinosaur,Fossil
Carnival,Fair
Telescope,Binoculars
Submarine,Boat
Clock,Watch
Mirror,Window
Forest,Woods
Desert,Oasis
Island,Peninsula
Storm,Hurricane
Firework,Sparkler
Snowflake,Hail
Moon,Sun
Sunflower,Daisy
Compass,Map
Key,Lock
Bridge,Tunnel
Train,Tram
Airplane,Helicopter
Rocket,Missile
Laboratory,Workshop
Library,Bookstore
Museum,Gallery
Circus,Clown
Pirate,Sailor
Knight,Squire
Samurai,Ronin
Pharaoh,Mummy
Viking,Barbarian
Mermaid,Siren
Kraken,Leviathan
Ghost,Spirit
Vampire,Zombie
Werewolf,Beast
Alien,Martian
Planet,Star
Galaxy,Universe
Asteroid,Meteor
Comet,Meteorite
Satellite,Probe
Radar,Sonar
Camera,Photograph
Map,Atlas
Maze,Labyrinth
Puzzle,Riddle
Chess,Checkers
Domino,Dice
Candle,Lantern
Shadow,Silhouette
Echo,Whisper
Wave,Tide
River,Stream
Waterfall,Rapids
Glacier,Iceberg
Coral,Reef
Seahorse,Starfish
Octopus,Squid
Falcon,Eagle
Owl,Hawk
Wolf,Fox
Tiger,Lion
Elephant,Rhino
Chameleon,Lizard
Honey,Syrup
Beehive,Honeycomb
Mushroom,Toadstool
Oak,Pine
Bonsai,Juniper
Orchard,Garden
Vineyard,Winery
Bakery,Patisserie
Market,Bazaar
Festival,Concert
Parade,Procession
Mask,Disguise
Costume,Uniform
Crown,Tiara
Throne,Scepter
Scroll,Manuscript
Compass,North
